2025-07-04 19:58:37,947,INFO,⚙️ 설정 파일 로드 완료: filter=3종목, watch=13종목
2025-07-04 19:58:37,947,INFO,🔍 종목 유효성 검증 시작...
2025-07-04 19:58:37,948,ERROR,📂 stocks_config.json 로드 실패: 'KISAPIClient' object has no attribute 'validate_stock_symbols'
2025-07-04 19:58:39,485,WARNING,🚨🚨🚨🚨🚨🚨🚨🚨🚨🚨🚨🚨🚨🚨🚨🚨🚨🚨🚨🚨
2025-07-04 19:58:39,485,WARNING,⚠️ 실전투자 자동매매 시스템 시작!
2025-07-04 19:58:39,485,WARNING,⚠️ 실제 돈으로 거래가 실행됩니다!
2025-07-04 19:58:39,485,WARNING,🚨🚨🚨🚨🚨🚨🚨🚨🚨🚨🚨🚨🚨🚨🚨🚨🚨🚨🚨🚨
2025-07-04 20:03:05,823,INFO,⚙️ 설정 파일 로드 완료: filter=3종목, watch=13종목
2025-07-04 20:03:05,823,INFO,🔍 종목 유효성 검증 시작...
2025-07-04 20:03:05,824,INFO,🔍 종목 검색: QSI
2025-07-04 20:03:05,824,INFO,토큰이 만료되어 새로 발급합니다.
2025-07-04 20:03:06,005,INFO,✅ 액세스 토큰 발급 성공
2025-07-04 20:03:06,039,ERROR,API 요청 실패: 404 Client Error: Not Found for url: https://openapi.koreainvestment.com:9443/uapi/overseas-price/v1/quotations/search?PRDT_TYPE_CD=512&PDNO=QSI&OVRS_EXCG_CD=NASD
2025-07-04 20:03:06,039,ERROR,  -> Status: 404, Response: 
2025-07-04 20:03:06,040,INFO,잠시 후 재시도합니다... (1/3)
2025-07-04 20:03:07,069,ERROR,API 요청 실패: 404 Client Error: Not Found for url: https://openapi.koreainvestment.com:9443/uapi/overseas-price/v1/quotations/search?PRDT_TYPE_CD=512&PDNO=QSI&OVRS_EXCG_CD=NASD
2025-07-04 20:03:07,069,ERROR,  -> Status: 404, Response: 
2025-07-04 20:03:07,070,INFO,잠시 후 재시도합니다... (2/3)
2025-07-04 20:03:08,098,ERROR,API 요청 실패: 404 Client Error: Not Found for url: https://openapi.koreainvestment.com:9443/uapi/overseas-price/v1/quotations/search?PRDT_TYPE_CD=512&PDNO=QSI&OVRS_EXCG_CD=NASD
2025-07-04 20:03:08,100,ERROR,  -> Status: 404, Response: 
2025-07-04 20:03:08,100,INFO,잠시 후 재시도합니다... (3/3)
2025-07-04 20:03:09,136,ERROR,API 요청 실패: 404 Client Error: Not Found for url: https://openapi.koreainvestment.com:9443/uapi/overseas-price/v1/quotations/search?PRDT_TYPE_CD=512&PDNO=QSI&OVRS_EXCG_CD=NASD
2025-07-04 20:03:09,136,ERROR,  -> Status: 404, Response: 
2025-07-04 20:03:09,137,ERROR,❌ 종목 검색 실패: QSI, 오류: API request failed
2025-07-04 20:03:09,137,INFO,🔍 종목 검색: QUBT
2025-07-04 20:03:09,166,ERROR,API 요청 실패: 404 Client Error: Not Found for url: https://openapi.koreainvestment.com:9443/uapi/overseas-price/v1/quotations/search?PRDT_TYPE_CD=512&PDNO=QUBT&OVRS_EXCG_CD=NASD
2025-07-04 20:03:09,166,ERROR,  -> Status: 404, Response: 
2025-07-04 20:03:09,167,INFO,잠시 후 재시도합니다... (1/3)
2025-07-04 20:03:10,221,ERROR,API 요청 실패: 404 Client Error: Not Found for url: https://openapi.koreainvestment.com:9443/uapi/overseas-price/v1/quotations/search?PRDT_TYPE_CD=512&PDNO=QUBT&OVRS_EXCG_CD=NASD
2025-07-04 20:03:10,222,ERROR,  -> Status: 404, Response: 
2025-07-04 20:03:10,222,INFO,잠시 후 재시도합니다... (2/3)
2025-07-04 20:03:11,258,ERROR,API 요청 실패: 404 Client Error: Not Found for url: https://openapi.koreainvestment.com:9443/uapi/overseas-price/v1/quotations/search?PRDT_TYPE_CD=512&PDNO=QUBT&OVRS_EXCG_CD=NASD
2025-07-04 20:03:11,259,ERROR,  -> Status: 404, Response: 
2025-07-04 20:03:11,259,INFO,잠시 후 재시도합니다... (3/3)
2025-07-04 20:03:12,290,ERROR,API 요청 실패: 404 Client Error: Not Found for url: https://openapi.koreainvestment.com:9443/uapi/overseas-price/v1/quotations/search?PRDT_TYPE_CD=512&PDNO=QUBT&OVRS_EXCG_CD=NASD
2025-07-04 20:03:12,291,ERROR,  -> Status: 404, Response: 
2025-07-04 20:03:12,291,ERROR,❌ 종목 검색 실패: QUBT, 오류: API request failed
2025-07-04 20:03:12,291,INFO,🔍 종목 검색: SES
2025-07-04 20:03:12,319,ERROR,API 요청 실패: 404 Client Error: Not Found for url: https://openapi.koreainvestment.com:9443/uapi/overseas-price/v1/quotations/search?PRDT_TYPE_CD=512&PDNO=SES&OVRS_EXCG_CD=NASD
2025-07-04 20:03:12,320,ERROR,  -> Status: 404, Response: 
2025-07-04 20:03:12,321,INFO,잠시 후 재시도합니다... (1/3)
2025-07-04 20:09:05,905,INFO,⚙️ 설정 파일 로드 완료: filter=3종목, watch=13종목
2025-07-04 20:09:05,906,INFO,🔍 종목 유효성 검증 시작...
2025-07-04 20:09:05,906,INFO,🔍 종목 유효성 검증 시작 (현재가 조회 방식)...
2025-07-04 20:09:05,907,INFO,토큰이 만료되어 새로 발급합니다.
2025-07-04 20:09:06,118,INFO,✅ 액세스 토큰 발급 성공
2025-07-04 20:09:06,159,ERROR,API 요청 실패: 500 Server Error: Internal Server Error for url: https://openapi.koreainvestment.com:9443/uapi/overseas-price/v1/quotations/price?AUTH=&EXCD=NAS&SYMB=NVDA
2025-07-04 20:09:06,161,ERROR,  -> Status: 500, Response: {"rt_cd":"1","msg_cd":"EGW00121","msg1":"유효하지 않은 token 입니다."}
2025-07-04 20:09:06,161,INFO,잠시 후 재시도합니다... (1/3)
2025-07-04 20:09:07,191,ERROR,API 요청 실패: 500 Server Error: Internal Server Error for url: https://openapi.koreainvestment.com:9443/uapi/overseas-price/v1/quotations/price?AUTH=&EXCD=NAS&SYMB=NVDA
2025-07-04 20:09:07,191,ERROR,  -> Status: 500, Response: {"rt_cd":"1","msg_cd":"EGW00121","msg1":"유효하지 않은 token 입니다."}
2025-07-04 20:09:07,192,INFO,잠시 후 재시도합니다... (2/3)
2025-07-04 20:09:08,225,ERROR,API 요청 실패: 500 Server Error: Internal Server Error for url: https://openapi.koreainvestment.com:9443/uapi/overseas-price/v1/quotations/price?AUTH=&EXCD=NAS&SYMB=NVDA
2025-07-04 20:09:08,225,ERROR,  -> Status: 500, Response: {"rt_cd":"1","msg_cd":"EGW00121","msg1":"유효하지 않은 token 입니다."}
2025-07-04 20:09:08,226,INFO,잠시 후 재시도합니다... (3/3)
2025-07-04 20:09:09,261,ERROR,API 요청 실패: 500 Server Error: Internal Server Error for url: https://openapi.koreainvestment.com:9443/uapi/overseas-price/v1/quotations/price?AUTH=&EXCD=NAS&SYMB=NVDA
2025-07-04 20:09:09,262,ERROR,  -> Status: 500, Response: {"rt_cd":"1","msg_cd":"EGW00121","msg1":"유효하지 않은 token 입니다."}
2025-07-04 20:09:09,262,WARNING,⚠️ NVDA: 현재가 조회 실패
2025-07-04 20:09:09,393,INFO,✅ HOTH: 유효 (현재가: $1.21)
2025-07-04 20:09:09,540,INFO,✅ QSI: 유효 (현재가: $2.14)
2025-07-04 20:09:09,694,INFO,✅ ARQQ: 유효 (현재가: $35.08)
2025-07-04 20:09:09,838,INFO,✅ PDYN: 유효 (현재가: $8.22)
2025-07-04 20:09:09,982,INFO,✅ SMCI: 유효 (현재가: $48.56)
2025-07-04 20:09:10,113,INFO,✅ INOD: 유효 (현재가: $50.13)
2025-07-04 20:09:10,248,INFO,✅ SOUN: 유효 (현재가: $11.09)
2025-07-04 20:09:10,388,WARNING,⚠️ SNOW 현재가 데이터 오류: ''
2025-07-04 20:09:10,389,WARNING,⚠️ SNOW: 현재가 조회 실패
2025-07-04 20:09:10,530,INFO,✅ RGTI: 유효 (현재가: $13.45)
2025-07-04 20:09:10,669,INFO,✅ AMZN: 유효 (현재가: $223.41)
2025-07-04 20:09:10,810,INFO,✅ QUBT: 유효 (현재가: $21.13)
2025-07-04 20:09:10,954,INFO,✅ REKR: 유효 (현재가: $1.23)
2025-07-04 20:09:11,089,INFO,✅ MSFT: 유효 (현재가: $498.84)
2025-07-04 20:09:11,225,WARNING,⚠️ SMR 현재가 데이터 오류: ''
2025-07-04 20:09:11,226,WARNING,⚠️ SMR: 현재가 조회 실패
2025-07-04 20:09:11,359,WARNING,⚠️ SES 현재가 데이터 오류: ''
2025-07-04 20:09:11,359,WARNING,⚠️ SES: 현재가 조회 실패
2025-07-04 20:09:11,461,INFO,📊 종목 검증 완료: 유효 12개, 무효 4개
2025-07-04 20:09:11,461,INFO,✅ 유효한 종목들: HOTH, QSI, ARQQ, PDYN, SMCI, INOD, SOUN, RGTI, AMZN, QUBT, REKR, MSFT
2025-07-04 20:09:11,461,WARNING,⚠️ 무효한 종목들:
2025-07-04 20:09:11,462,WARNING,  - NVDA: Price not available
2025-07-04 20:09:11,462,WARNING,  - SNOW: Price not available
2025-07-04 20:09:11,462,WARNING,  - SMR: Price not available
2025-07-04 20:09:11,463,WARNING,  - SES: Price not available
2025-07-04 20:09:11,463,WARNING,⚠️ 무효한 종목들이 제거되었습니다:
2025-07-04 20:09:11,463,WARNING,  - NVDA: Price not available
2025-07-04 20:09:11,463,WARNING,  - SNOW: Price not available
2025-07-04 20:09:11,464,WARNING,  - SMR: Price not available
2025-07-04 20:09:11,464,WARNING,  - SES: Price not available
2025-07-04 20:09:11,511,WARNING,🚨🚨🚨🚨🚨🚨🚨🚨🚨🚨🚨🚨🚨🚨🚨🚨🚨🚨🚨🚨
2025-07-04 20:09:11,511,WARNING,⚠️ 실전투자 자동매매 시스템 시작!
2025-07-04 20:09:11,511,WARNING,⚠️ 실제 돈으로 거래가 실행됩니다!
2025-07-04 20:09:11,511,WARNING,🚨🚨🚨🚨🚨🚨🚨🚨🚨🚨🚨🚨🚨🚨🚨🚨🚨🚨🚨🚨
2025-07-04 20:11:54,273,INFO,⚙️ 설정 파일 로드 완료: filter=3종목, watch=13종목
2025-07-04 20:11:54,274,INFO,🔍 종목 유효성 검증 시작...
2025-07-04 20:11:54,274,INFO,🔍 종목 유효성 검증 시작 (현재가 조회 방식)...
2025-07-04 20:11:54,274,INFO,토큰이 만료되어 새로 발급합니다.
2025-07-04 20:11:54,439,INFO,✅ 액세스 토큰 발급 성공
2025-07-04 20:11:54,471,ERROR,API 요청 실패: 500 Server Error: Internal Server Error for url: https://openapi.koreainvestment.com:9443/uapi/overseas-price/v1/quotations/price?AUTH=&EXCD=NAS&SYMB=RGTI
2025-07-04 20:11:54,471,ERROR,  -> Status: 500, Response: {"rt_cd":"1","msg_cd":"EGW00121","msg1":"유효하지 않은 token 입니다."}
2025-07-04 20:11:54,472,WARNING,토큰 오류 감지. 토큰을 강제 재발급하고 재시도합니다.
2025-07-04 20:11:54,472,INFO,토큰이 만료되어 새로 발급합니다.
2025-07-04 20:11:54,511,ERROR,❌ 액세스 토큰 발급 요청 실패: 403 Client Error: Forbidden for url: https://openapi.koreainvestment.com:9443/oauth2/tokenP
2025-07-04 20:11:54,511,ERROR,API 요청 전 토큰 확보 실패
2025-07-04 20:11:54,512,WARNING,⚠️ RGTI: 현재가 조회 실패
2025-07-04 20:11:54,613,INFO,토큰이 만료되어 새로 발급합니다.
2025-07-04 20:11:54,649,ERROR,❌ 액세스 토큰 발급 요청 실패: 403 Client Error: Forbidden for url: https://openapi.koreainvestment.com:9443/oauth2/tokenP
2025-07-04 20:11:54,649,ERROR,API 요청 전 토큰 확보 실패
2025-07-04 20:11:54,650,WARNING,⚠️ SNOW: 현재가 조회 실패
2025-07-04 20:11:54,751,INFO,토큰이 만료되어 새로 발급합니다.
2025-07-04 20:11:54,787,ERROR,❌ 액세스 토큰 발급 요청 실패: 403 Client Error: Forbidden for url: https://openapi.koreainvestment.com:9443/oauth2/tokenP
2025-07-04 20:11:54,788,ERROR,API 요청 전 토큰 확보 실패
2025-07-04 20:11:54,788,INFO,✅ SES: 유효 (보유종목 - 현재가 조회 실패하지만 포함)
2025-07-04 20:11:54,889,INFO,토큰이 만료되어 새로 발급합니다.
2025-07-04 20:11:54,955,ERROR,❌ 액세스 토큰 발급 요청 실패: 403 Client Error: Forbidden for url: https://openapi.koreainvestment.com:9443/oauth2/tokenP
2025-07-04 20:11:54,956,ERROR,API 요청 전 토큰 확보 실패
2025-07-04 20:11:54,956,WARNING,⚠️ QUBT: 현재가 조회 실패
2025-07-04 20:11:55,057,INFO,토큰이 만료되어 새로 발급합니다.
2025-07-04 20:11:55,085,ERROR,❌ 액세스 토큰 발급 요청 실패: 403 Client Error: Forbidden for url: https://openapi.koreainvestment.com:9443/oauth2/tokenP
2025-07-04 20:11:55,087,ERROR,API 요청 전 토큰 확보 실패
2025-07-04 20:11:55,087,WARNING,⚠️ PDYN: 현재가 조회 실패
2025-07-04 20:11:55,188,INFO,토큰이 만료되어 새로 발급합니다.
2025-07-04 20:11:55,222,ERROR,❌ 액세스 토큰 발급 요청 실패: 403 Client Error: Forbidden for url: https://openapi.koreainvestment.com:9443/oauth2/tokenP
2025-07-04 20:11:55,222,ERROR,API 요청 전 토큰 확보 실패
2025-07-04 20:11:55,223,INFO,✅ QSI: 유효 (보유종목 - 현재가 조회 실패하지만 포함)
2025-07-04 20:11:55,324,INFO,토큰이 만료되어 새로 발급합니다.
2025-07-04 20:11:55,357,ERROR,❌ 액세스 토큰 발급 요청 실패: 403 Client Error: Forbidden for url: https://openapi.koreainvestment.com:9443/oauth2/tokenP
2025-07-04 20:11:55,357,ERROR,API 요청 전 토큰 확보 실패
2025-07-04 20:11:55,358,WARNING,⚠️ MSFT: 현재가 조회 실패
2025-07-04 20:11:55,458,INFO,토큰이 만료되어 새로 발급합니다.
2025-07-04 20:11:55,488,ERROR,❌ 액세스 토큰 발급 요청 실패: 403 Client Error: Forbidden for url: https://openapi.koreainvestment.com:9443/oauth2/tokenP
2025-07-04 20:11:55,489,ERROR,API 요청 전 토큰 확보 실패
2025-07-04 20:11:55,489,WARNING,⚠️ HOTH: 현재가 조회 실패
2025-07-04 20:11:55,590,INFO,토큰이 만료되어 새로 발급합니다.
2025-07-04 20:11:55,620,ERROR,❌ 액세스 토큰 발급 요청 실패: 403 Client Error: Forbidden for url: https://openapi.koreainvestment.com:9443/oauth2/tokenP
2025-07-04 20:11:55,622,ERROR,API 요청 전 토큰 확보 실패
2025-07-04 20:11:55,622,WARNING,⚠️ SMCI: 현재가 조회 실패
2025-07-04 20:11:55,723,INFO,토큰이 만료되어 새로 발급합니다.
2025-07-04 20:11:55,758,ERROR,❌ 액세스 토큰 발급 요청 실패: 403 Client Error: Forbidden for url: https://openapi.koreainvestment.com:9443/oauth2/tokenP
2025-07-04 20:11:55,759,ERROR,API 요청 전 토큰 확보 실패
2025-07-04 20:11:55,759,WARNING,⚠️ ARQQ: 현재가 조회 실패
2025-07-04 20:11:55,861,INFO,토큰이 만료되어 새로 발급합니다.
2025-07-04 20:11:55,899,ERROR,❌ 액세스 토큰 발급 요청 실패: 403 Client Error: Forbidden for url: https://openapi.koreainvestment.com:9443/oauth2/tokenP
2025-07-04 20:11:55,899,ERROR,API 요청 전 토큰 확보 실패
2025-07-04 20:11:55,900,WARNING,⚠️ SOUN: 현재가 조회 실패
2025-07-04 20:11:56,000,INFO,토큰이 만료되어 새로 발급합니다.
2025-07-04 20:11:56,029,ERROR,❌ 액세스 토큰 발급 요청 실패: 403 Client Error: Forbidden for url: https://openapi.koreainvestment.com:9443/oauth2/tokenP
2025-07-04 20:11:56,030,ERROR,API 요청 전 토큰 확보 실패
2025-07-04 20:11:56,031,WARNING,⚠️ INOD: 현재가 조회 실패
2025-07-04 20:11:56,131,INFO,토큰이 만료되어 새로 발급합니다.
2025-07-04 20:11:56,162,ERROR,❌ 액세스 토큰 발급 요청 실패: 403 Client Error: Forbidden for url: https://openapi.koreainvestment.com:9443/oauth2/tokenP
2025-07-04 20:11:56,163,ERROR,API 요청 전 토큰 확보 실패
2025-07-04 20:11:56,164,WARNING,⚠️ NVDA: 현재가 조회 실패
2025-07-04 20:11:56,265,INFO,토큰이 만료되어 새로 발급합니다.
2025-07-04 20:11:56,300,ERROR,❌ 액세스 토큰 발급 요청 실패: 403 Client Error: Forbidden for url: https://openapi.koreainvestment.com:9443/oauth2/tokenP
2025-07-04 20:11:56,301,ERROR,API 요청 전 토큰 확보 실패
2025-07-04 20:11:56,301,WARNING,⚠️ AMZN: 현재가 조회 실패
2025-07-04 20:11:56,402,INFO,토큰이 만료되어 새로 발급합니다.
2025-07-04 20:11:56,432,ERROR,❌ 액세스 토큰 발급 요청 실패: 403 Client Error: Forbidden for url: https://openapi.koreainvestment.com:9443/oauth2/tokenP
2025-07-04 20:11:56,433,ERROR,API 요청 전 토큰 확보 실패
2025-07-04 20:11:56,433,WARNING,⚠️ SMR: 현재가 조회 실패
2025-07-04 20:11:56,535,INFO,토큰이 만료되어 새로 발급합니다.
2025-07-04 20:11:56,567,ERROR,❌ 액세스 토큰 발급 요청 실패: 403 Client Error: Forbidden for url: https://openapi.koreainvestment.com:9443/oauth2/tokenP
2025-07-04 20:11:56,568,ERROR,API 요청 전 토큰 확보 실패
2025-07-04 20:11:56,568,WARNING,⚠️ REKR: 현재가 조회 실패
2025-07-04 20:11:56,669,INFO,📊 종목 검증 완료: 유효 2개, 무효 14개
2025-07-04 20:11:56,669,INFO,✅ 유효한 종목들: SES, QSI
2025-07-04 20:11:56,669,WARNING,⚠️ 무효한 종목들:
2025-07-04 20:11:56,669,WARNING,  - RGTI: Price not available
2025-07-04 20:11:56,670,WARNING,  - SNOW: Price not available
2025-07-04 20:11:56,670,WARNING,  - QUBT: Price not available
2025-07-04 20:11:56,670,WARNING,  - PDYN: Price not available
2025-07-04 20:11:56,671,WARNING,  - MSFT: Price not available
2025-07-04 20:11:56,671,WARNING,  - HOTH: Price not available
2025-07-04 20:11:56,671,WARNING,  - SMCI: Price not available
2025-07-04 20:11:56,672,WARNING,  - ARQQ: Price not available
2025-07-04 20:11:56,672,WARNING,  - SOUN: Price not available
2025-07-04 20:11:56,672,WARNING,  - INOD: Price not available
2025-07-04 20:11:56,672,WARNING,  - NVDA: Price not available
2025-07-04 20:11:56,673,WARNING,  - AMZN: Price not available
2025-07-04 20:11:56,673,WARNING,  - SMR: Price not available
2025-07-04 20:11:56,673,WARNING,  - REKR: Price not available
2025-07-04 20:11:56,674,WARNING,⚠️ 무효한 종목들이 제거되었습니다:
2025-07-04 20:11:56,674,WARNING,  - RGTI: Price not available
2025-07-04 20:11:56,674,WARNING,  - SNOW: Price not available
2025-07-04 20:11:56,674,WARNING,  - QUBT: Price not available
2025-07-04 20:11:56,674,WARNING,  - PDYN: Price not available
2025-07-04 20:11:56,675,WARNING,  - MSFT: Price not available
2025-07-04 20:11:56,675,WARNING,  - HOTH: Price not available
2025-07-04 20:11:56,675,WARNING,  - SMCI: Price not available
2025-07-04 20:11:56,675,WARNING,  - ARQQ: Price not available
2025-07-04 20:11:56,675,WARNING,  - SOUN: Price not available
2025-07-04 20:11:56,676,WARNING,  - INOD: Price not available
2025-07-04 20:11:56,676,WARNING,  - NVDA: Price not available
2025-07-04 20:11:56,676,WARNING,  - AMZN: Price not available
2025-07-04 20:11:56,676,WARNING,  - SMR: Price not available
2025-07-04 20:11:56,676,WARNING,  - REKR: Price not available
2025-07-04 20:11:56,724,WARNING,🚨🚨🚨🚨🚨🚨🚨🚨🚨🚨🚨🚨🚨🚨🚨🚨🚨🚨🚨🚨
2025-07-04 20:11:56,725,WARNING,⚠️ 실전투자 자동매매 시스템 시작!
2025-07-04 20:11:56,725,WARNING,⚠️ 실제 돈으로 거래가 실행됩니다!
2025-07-04 20:11:56,725,WARNING,🚨🚨🚨🚨🚨🚨🚨🚨🚨🚨🚨🚨🚨🚨🚨🚨🚨🚨🚨🚨
2025-07-04 20:20:57,068,INFO,⚙️ 설정 파일 로드 완료: filter=3종목, watch=13종목
2025-07-04 20:20:57,068,INFO,🔍 종목 유효성 검증 시작...
2025-07-04 20:20:57,068,INFO,🔍 종목 유효성 검증 시작 (현재가 조회 방식)...
2025-07-04 20:20:57,069,INFO,기존 토큰 사용 (남은시간: 2시간 22분)
2025-07-04 20:20:57,069,INFO,저장된 토큰 사용
2025-07-04 20:20:57,119,ERROR,API 요청 실패: 500 Server Error: Internal Server Error for url: https://openapi.koreainvestment.com:9443/uapi/overseas-price/v1/quotations/price?AUTH=&EXCD=NAS&SYMB=QSI
2025-07-04 20:20:57,119,ERROR,  -> Status: 500, Response: {"rt_cd":"1","msg_cd":"EGW00121","msg1":"유효하지 않은 token 입니다."}
2025-07-04 20:20:57,119,WARNING,토큰 오류 감지. 토큰을 강제 재발급하고 재시도합니다.
2025-07-04 20:20:57,119,INFO,기존 토큰 사용 (남은시간: 2시간 22분)
2025-07-04 20:20:57,121,INFO,저장된 토큰 사용
2025-07-04 20:20:57,157,INFO,✅ QSI: 유효 (현재가: $2.14)
2025-07-04 20:20:57,258,INFO,기존 토큰 사용 (남은시간: 2시간 22분)
2025-07-04 20:20:57,258,INFO,저장된 토큰 사용
2025-07-04 20:20:57,289,INFO,✅ QUBT: 유효 (현재가: $21.13)
2025-07-04 20:20:57,390,INFO,기존 토큰 사용 (남은시간: 2시간 22분)
2025-07-04 20:20:57,391,INFO,저장된 토큰 사용
2025-07-04 20:20:57,432,INFO,✅ HOTH: 유효 (현재가: $1.21)
2025-07-04 20:20:57,533,INFO,기존 토큰 사용 (남은시간: 2시간 22분)
2025-07-04 20:20:57,533,INFO,저장된 토큰 사용
2025-07-04 20:20:57,584,INFO,✅ ARQQ: 유효 (현재가: $35.08)
2025-07-04 20:20:57,685,INFO,기존 토큰 사용 (남은시간: 2시간 22분)
2025-07-04 20:20:57,685,INFO,저장된 토큰 사용
2025-07-04 20:20:57,725,INFO,✅ SOUN: 유효 (현재가: $11.09)
2025-07-04 20:20:57,826,INFO,기존 토큰 사용 (남은시간: 2시간 22분)
2025-07-04 20:20:57,826,INFO,저장된 토큰 사용
2025-07-04 20:20:57,863,INFO,✅ MSFT: 유효 (현재가: $498.84)
2025-07-04 20:20:57,964,INFO,기존 토큰 사용 (남은시간: 2시간 22분)
2025-07-04 20:20:57,964,INFO,저장된 토큰 사용
2025-07-04 20:20:57,998,INFO,✅ REKR: 유효 (현재가: $1.23)
2025-07-04 20:20:58,099,INFO,기존 토큰 사용 (남은시간: 2시간 22분)
2025-07-04 20:20:58,100,INFO,저장된 토큰 사용
2025-07-04 20:20:58,151,WARNING,⚠️ SNOW 현재가 데이터 오류: ''
2025-07-04 20:20:58,151,WARNING,⚠️ SNOW: 현재가 조회 실패
2025-07-04 20:20:58,252,INFO,기존 토큰 사용 (남은시간: 2시간 22분)
2025-07-04 20:20:58,252,INFO,저장된 토큰 사용
2025-07-04 20:20:58,286,INFO,✅ AMZN: 유효 (현재가: $223.41)
2025-07-04 20:20:58,388,INFO,기존 토큰 사용 (남은시간: 2시간 22분)
2025-07-04 20:20:58,388,INFO,저장된 토큰 사용
2025-07-04 20:20:58,420,WARNING,⚠️ SMR 현재가 데이터 오류: ''
2025-07-04 20:20:58,420,WARNING,⚠️ SMR: 현재가 조회 실패
2025-07-04 20:20:58,521,INFO,기존 토큰 사용 (남은시간: 2시간 22분)
2025-07-04 20:20:58,521,INFO,저장된 토큰 사용
2025-07-04 20:20:58,559,INFO,✅ NVDA: 유효 (현재가: $159.34)
2025-07-04 20:20:58,660,INFO,기존 토큰 사용 (남은시간: 2시간 22분)
2025-07-04 20:20:58,660,INFO,저장된 토큰 사용
2025-07-04 20:20:58,699,INFO,✅ RGTI: 유효 (현재가: $13.45)
2025-07-04 20:20:58,800,INFO,기존 토큰 사용 (남은시간: 2시간 22분)
2025-07-04 20:20:58,801,INFO,저장된 토큰 사용
2025-07-04 20:20:58,841,INFO,✅ INOD: 유효 (현재가: $50.13)
2025-07-04 20:20:58,942,INFO,기존 토큰 사용 (남은시간: 2시간 22분)
2025-07-04 20:20:58,942,INFO,저장된 토큰 사용
2025-07-04 20:20:58,992,INFO,✅ PDYN: 유효 (현재가: $8.22)
2025-07-04 20:20:59,093,INFO,기존 토큰 사용 (남은시간: 2시간 22분)
2025-07-04 20:20:59,094,INFO,저장된 토큰 사용
2025-07-04 20:20:59,133,WARNING,⚠️ SES 현재가 데이터 오류: ''
2025-07-04 20:20:59,133,INFO,✅ SES: 유효 (보유종목 - 현재가 조회 실패하지만 포함)
2025-07-04 20:20:59,235,INFO,기존 토큰 사용 (남은시간: 2시간 22분)
2025-07-04 20:20:59,235,INFO,저장된 토큰 사용
2025-07-04 20:20:59,271,INFO,✅ SMCI: 유효 (현재가: $48.56)
2025-07-04 20:20:59,372,INFO,📊 종목 검증 완료: 유효 14개, 무효 2개
2025-07-04 20:20:59,372,INFO,✅ 유효한 종목들: QSI, QUBT, HOTH, ARQQ, SOUN, MSFT, REKR, AMZN, NVDA, RGTI, INOD, PDYN, SES, SMCI
2025-07-04 20:20:59,372,WARNING,⚠️ 무효한 종목들:
2025-07-04 20:20:59,372,WARNING,  - SNOW: Price not available
2025-07-04 20:20:59,372,WARNING,  - SMR: Price not available
2025-07-04 20:20:59,373,WARNING,⚠️ 무효한 종목들이 제거되었습니다:
2025-07-04 20:20:59,373,WARNING,  - SNOW: Price not available
2025-07-04 20:20:59,373,WARNING,  - SMR: Price not available
2025-07-04 20:20:59,422,WARNING,🚨🚨🚨🚨🚨🚨🚨🚨🚨🚨🚨🚨🚨🚨🚨🚨🚨🚨🚨🚨
2025-07-04 20:20:59,422,WARNING,⚠️ 실전투자 자동매매 시스템 시작!
2025-07-04 20:20:59,422,WARNING,⚠️ 실제 돈으로 거래가 실행됩니다!
2025-07-04 20:20:59,422,WARNING,🚨🚨🚨🚨🚨🚨🚨🚨🚨🚨🚨🚨🚨🚨🚨🚨🚨🚨🚨🚨
2025-07-04 20:22:46,074,INFO,⚙️ 설정 파일 로드 완료: filter=3종목, watch=13종목
2025-07-04 20:22:46,075,INFO,⚡ 종목 유효성 검증 생략 - 설정된 모든 종목을 사용합니다.
2025-07-04 20:22:46,122,WARNING,🚨🚨🚨🚨🚨🚨🚨🚨🚨🚨🚨🚨🚨🚨🚨🚨🚨🚨🚨🚨
2025-07-04 20:22:46,123,WARNING,⚠️ 실전투자 자동매매 시스템 시작!
2025-07-04 20:22:46,123,WARNING,⚠️ 실제 돈으로 거래가 실행됩니다!
2025-07-04 20:22:46,123,WARNING,🚨🚨🚨🚨🚨🚨🚨🚨🚨🚨🚨🚨🚨🚨🚨🚨🚨🚨🚨🚨
2025-07-04 20:26:06,702,INFO,⚙️ 설정 파일 로드 완료: filter=3종목, watch=13종목
2025-07-04 20:26:06,702,INFO,⚡ 종목 유효성 검증 생략 - 설정된 모든 종목을 사용합니다.
2025-07-04 20:26:06,751,WARNING,🚨🚨🚨🚨🚨🚨🚨🚨🚨🚨🚨🚨🚨🚨🚨🚨🚨🚨🚨🚨
2025-07-04 20:26:06,752,WARNING,⚠️ 실전투자 자동매매 시스템 시작!
2025-07-04 20:26:06,752,WARNING,⚠️ 실제 돈으로 거래가 실행됩니다!
2025-07-04 20:26:06,752,WARNING,🚨🚨🚨🚨🚨🚨🚨🚨🚨🚨🚨🚨🚨🚨🚨🚨🚨🚨🚨🚨
2025-07-04 20:26:26,306,INFO,잔고 조회 요청 (TR_ID: TTTS3012R)
2025-07-04 20:26:26,307,INFO,기존 토큰 사용 (남은시간: 2시간 16분)
2025-07-04 20:26:26,307,INFO,저장된 토큰 사용
2025-07-04 20:26:26,368,ERROR,API 요청 실패: 500 Server Error: Internal Server Error for url: https://openapi.koreainvestment.com:9443/uapi/overseas-stock/v1/trading/inquire-balance?CANO=64721801&ACNT_PRDT_CD=01&OVRS_EXCG_CD=NASD&TR_CRCY_CD=USD&CTX_AREA_FK200=&CTX_AREA_NK200=
2025-07-04 20:26:26,368,ERROR,  -> Status: 500, Response: {"rt_cd":"1","msg_cd":"EGW00121","msg1":"유효하지 않은 token 입니다."}
2025-07-04 20:26:26,368,WARNING,토큰 오류 감지. 토큰을 강제 재발급하고 재시도합니다.
2025-07-04 20:26:26,369,INFO,기존 토큰 사용 (남은시간: 2시간 16분)
2025-07-04 20:26:26,369,INFO,저장된 토큰 사용
2025-07-04 20:26:26,422,INFO,딕셔너리 형태 output2 (키 개수: 9)
2025-07-04 20:26:26,422,INFO,  - frcr_pchs_amt1: 5484.08596 ($5484.09)
2025-07-04 20:26:26,422,INFO,  ✅ frcr_pchs_amt1를 예수금으로 사용: $5484.09
2025-07-04 20:26:26,423,INFO,  - tot_evlu_pfls_amt: 2881.33170000 ($2881.33)
2025-07-04 20:26:26,423,INFO,  - frcr_buy_amt_smtl1: 0.000000 ($0.00)
2025-07-04 20:26:26,423,INFO,  - frcr_buy_amt_smtl2: 0.000000 ($0.00)
2025-07-04 20:26:26,423,INFO,✅ 잔고 조회 성공: 예수금 $5484.09, 보유종목 3개
2025-07-04 20:26:26,424,INFO,🔄 토큰 강제 재발급 중...
2025-07-04 20:26:26,424,INFO,기존 토큰 사용 (남은시간: 2시간 16분)
2025-07-04 20:26:26,425,INFO,저장된 토큰 사용
2025-07-04 20:26:26,425,INFO,잔고 조회 요청 (TR_ID: TTTS3012R)
2025-07-04 20:26:26,425,INFO,기존 토큰 사용 (남은시간: 2시간 16분)
2025-07-04 20:26:26,425,INFO,저장된 토큰 사용
2025-07-04 20:26:26,467,INFO,딕셔너리 형태 output2 (키 개수: 9)
2025-07-04 20:26:26,467,INFO,  - frcr_pchs_amt1: 5484.08596 ($5484.09)
2025-07-04 20:26:26,468,INFO,  ✅ frcr_pchs_amt1를 예수금으로 사용: $5484.09
2025-07-04 20:26:26,468,INFO,  - tot_evlu_pfls_amt: 2881.33170000 ($2881.33)
2025-07-04 20:26:26,468,INFO,  - frcr_buy_amt_smtl1: 0.000000 ($0.00)
2025-07-04 20:26:26,468,INFO,  - frcr_buy_amt_smtl2: 0.000000 ($0.00)
2025-07-04 20:26:26,469,INFO,✅ 잔고 조회 성공: 예수금 $5484.09, 보유종목 3개
2025-07-04 20:26:26,469,INFO,✅ 안전 점검 통과 (예수금: $5484.09, 주문수: 0)
2025-07-04 20:26:26,472,WARNING,🔴 현재 운영 시간이 아닙니다. 거래시간까지 4시간 3분 남음
2025-07-04 20:26:26,472,INFO,🚀 실전투자 자동매매 스케줄 설정 완료
2025-07-04 20:26:26,473,INFO,   - 매도 전략: 30분 주기
2025-07-04 20:26:26,473,INFO,   - 매수 전략: 60분 주기
2025-07-04 20:26:26,473,INFO,   - 주문 정리: 20분 주기
2025-07-04 20:26:26,473,INFO,   - 상태 출력: 5분 주기
2025-07-04 20:26:26,474,INFO,   - 운영 시간: 11:30 ~ 17:00 (ET)
2025-07-04 20:26:26,474,WARNING,⚠️ 주의: 실제 돈으로 거래합니다!
2025-07-04 20:26:26,474,INFO,🟡 거래시간 외 - 다음 거래시간까지 4시간 3분 남음
2025-07-04 20:26:26,474,INFO,   현재: 07:26:26 ET, 거래시간: 11:30~17:00 ET
2025-07-04 20:42:21,832,INFO,⚙️ 설정 파일 로드 완료: filter=3종목, watch=13종목
2025-07-04 20:42:21,833,INFO,⚡ 종목 유효성 검증 생략 - 설정된 모든 종목을 사용합니다.
2025-07-04 20:42:21,881,WARNING,🚨🚨🚨🚨🚨🚨🚨🚨🚨🚨🚨🚨🚨🚨🚨🚨🚨🚨🚨🚨
2025-07-04 20:42:21,881,WARNING,⚠️ 실전투자 자동매매 시스템 시작!
2025-07-04 20:42:21,882,WARNING,⚠️ 실제 돈으로 거래가 실행됩니다!
2025-07-04 20:42:21,882,WARNING,🚨🚨🚨🚨🚨🚨🚨🚨🚨🚨🚨🚨🚨🚨🚨🚨🚨🚨🚨🚨
2025-07-04 20:42:28,465,INFO,잔고 조회 요청 (TR_ID: TTTS3012R)
2025-07-04 20:42:28,465,INFO,기존 토큰 사용 (남은시간: 2시간 0분)
2025-07-04 20:42:28,466,INFO,저장된 토큰 사용
2025-07-04 20:42:28,539,ERROR,API 요청 실패: 500 Server Error: Internal Server Error for url: https://openapi.koreainvestment.com:9443/uapi/overseas-stock/v1/trading/inquire-balance?CANO=64721801&ACNT_PRDT_CD=01&OVRS_EXCG_CD=NASD&TR_CRCY_CD=USD&CTX_AREA_FK200=&CTX_AREA_NK200=
2025-07-04 20:42:28,539,ERROR,  -> Status: 500, Response: {"rt_cd":"1","msg_cd":"EGW00121","msg1":"유효하지 않은 token 입니다."}
2025-07-04 20:42:28,539,WARNING,토큰 오류 감지. 토큰을 강제 재발급하고 재시도합니다.
2025-07-04 20:42:28,540,INFO,기존 토큰 사용 (남은시간: 2시간 0분)
2025-07-04 20:42:28,540,INFO,저장된 토큰 사용
2025-07-04 20:42:28,590,INFO,딕셔너리 형태 output2 (키 개수: 9)
2025-07-04 20:42:28,590,INFO,  - frcr_pchs_amt1: 5484.08596 ($5484.09)
2025-07-04 20:42:28,591,INFO,  ✅ frcr_pchs_amt1를 예수금으로 사용: $5484.09
2025-07-04 20:42:28,591,INFO,  - tot_evlu_pfls_amt: 2881.33170000 ($2881.33)
2025-07-04 20:42:28,591,INFO,  - frcr_buy_amt_smtl1: 0.000000 ($0.00)
2025-07-04 20:42:28,591,INFO,  - frcr_buy_amt_smtl2: 0.000000 ($0.00)
2025-07-04 20:42:28,592,INFO,✅ 잔고 조회 성공: 예수금 $5484.09, 보유종목 3개
2025-07-04 20:42:28,592,INFO,🔄 토큰 강제 재발급 중...
2025-07-04 20:42:28,592,INFO,기존 토큰 사용 (남은시간: 2시간 0분)
2025-07-04 20:42:28,593,INFO,저장된 토큰 사용
2025-07-04 20:42:28,593,INFO,잔고 조회 요청 (TR_ID: TTTS3012R)
2025-07-04 20:42:28,593,INFO,기존 토큰 사용 (남은시간: 2시간 0분)
2025-07-04 20:42:28,593,INFO,저장된 토큰 사용
2025-07-04 20:42:28,633,INFO,딕셔너리 형태 output2 (키 개수: 9)
2025-07-04 20:42:28,633,INFO,  - frcr_pchs_amt1: 5484.08596 ($5484.09)
2025-07-04 20:42:28,633,INFO,  ✅ frcr_pchs_amt1를 예수금으로 사용: $5484.09
2025-07-04 20:42:28,634,INFO,  - tot_evlu_pfls_amt: 2881.33170000 ($2881.33)
2025-07-04 20:42:28,634,INFO,  - frcr_buy_amt_smtl1: 0.000000 ($0.00)
2025-07-04 20:42:28,634,INFO,  - frcr_buy_amt_smtl2: 0.000000 ($0.00)
2025-07-04 20:42:28,634,INFO,✅ 잔고 조회 성공: 예수금 $5484.09, 보유종목 3개
2025-07-04 20:42:28,635,INFO,✅ 안전 점검 통과 (예수금: $5484.09, 주문수: 0)
2025-07-04 20:42:28,637,WARNING,🔴 현재 운영 시간이 아닙니다. 거래시간까지 3시간 47분 남음
2025-07-04 20:42:28,637,INFO,🚀 실전투자 자동매매 스케줄 설정 완료
2025-07-04 20:42:28,637,INFO,   - 매도 전략: 30분 주기
2025-07-04 20:42:28,638,INFO,   - 매수 전략: 60분 주기
2025-07-04 20:42:28,638,INFO,   - 주문 정리: 20분 주기
2025-07-04 20:42:28,638,INFO,   - 상태 출력: 5분 주기
2025-07-04 20:42:28,638,INFO,   - 운영 시간: 11:30 ~ 17:00 (ET)
2025-07-04 20:42:28,639,WARNING,⚠️ 주의: 실제 돈으로 거래합니다!
2025-07-04 20:42:28,639,INFO,🟡 거래시간 외 - 다음 거래시간까지 3시간 47분 남음
2025-07-04 20:42:28,639,INFO,   현재: 07:42:28 ET, 거래시간: 11:30~17:00 ET
2025-07-04 20:45:10,744,INFO,⚙️ 설정 파일 로드 완료: filter=3종목, watch=13종목
2025-07-04 20:45:10,745,INFO,⚡ 종목 유효성 검증 생략 - 설정된 모든 종목을 사용합니다.
2025-07-04 20:45:10,794,WARNING,🚨🚨🚨🚨🚨🚨🚨🚨🚨🚨🚨🚨🚨🚨🚨🚨🚨🚨🚨🚨
2025-07-04 20:45:10,794,WARNING,⚠️ 실전투자 자동매매 시스템 시작!
2025-07-04 20:45:10,794,WARNING,⚠️ 실제 돈으로 거래가 실행됩니다!
2025-07-04 20:45:10,795,WARNING,🚨🚨🚨🚨🚨🚨🚨🚨🚨🚨🚨🚨🚨🚨🚨🚨🚨🚨🚨🚨
2025-07-04 20:45:15,561,INFO,잔고 조회 요청 (TR_ID: TTTS3012R)
2025-07-04 20:45:15,562,INFO,기존 토큰 사용 (남은시간: 1시간 58분)
2025-07-04 20:45:15,562,INFO,저장된 토큰 사용
2025-07-04 20:45:15,597,ERROR,API 요청 실패: 500 Server Error: Internal Server Error for url: https://openapi.koreainvestment.com:9443/uapi/overseas-stock/v1/trading/inquire-balance?CANO=64721801&ACNT_PRDT_CD=01&OVRS_EXCG_CD=NASD&TR_CRCY_CD=USD&CTX_AREA_FK200=&CTX_AREA_NK200=
2025-07-04 20:45:15,598,ERROR,  -> Status: 500, Response: {"rt_cd":"1","msg_cd":"EGW00121","msg1":"유효하지 않은 token 입니다."}
2025-07-04 20:45:15,598,WARNING,토큰 오류 감지. 토큰을 강제 재발급하고 재시도합니다.
2025-07-04 20:45:15,598,INFO,기존 토큰 사용 (남은시간: 1시간 58분)
2025-07-04 20:45:15,599,INFO,저장된 토큰 사용
2025-07-04 20:45:15,640,INFO,딕셔너리 형태 output2 (키 개수: 9)
2025-07-04 20:45:15,640,INFO,  - frcr_pchs_amt1: 5484.08596 ($5484.09)
2025-07-04 20:45:15,640,INFO,  ✅ frcr_pchs_amt1를 예수금으로 사용: $5484.09
2025-07-04 20:45:15,640,INFO,  - tot_evlu_pfls_amt: 2881.33170000 ($2881.33)
2025-07-04 20:45:15,642,INFO,  - frcr_buy_amt_smtl1: 0.000000 ($0.00)
2025-07-04 20:45:15,642,INFO,  - frcr_buy_amt_smtl2: 0.000000 ($0.00)
2025-07-04 20:45:15,642,INFO,✅ 잔고 조회 성공: 예수금 $5484.09, 보유종목 3개
2025-07-04 20:45:15,643,INFO,🔄 토큰 강제 재발급 중...
2025-07-04 20:45:15,643,INFO,기존 토큰 사용 (남은시간: 1시간 58분)
2025-07-04 20:45:15,643,INFO,저장된 토큰 사용
2025-07-04 20:45:15,644,INFO,잔고 조회 요청 (TR_ID: TTTS3012R)
2025-07-04 20:45:15,644,INFO,기존 토큰 사용 (남은시간: 1시간 58분)
2025-07-04 20:45:15,644,INFO,저장된 토큰 사용
2025-07-04 20:45:15,683,INFO,딕셔너리 형태 output2 (키 개수: 9)
2025-07-04 20:45:15,683,INFO,  - frcr_pchs_amt1: 5484.08596 ($5484.09)
2025-07-04 20:45:15,684,INFO,  ✅ frcr_pchs_amt1를 예수금으로 사용: $5484.09
2025-07-04 20:45:15,684,INFO,  - tot_evlu_pfls_amt: 2881.33170000 ($2881.33)
2025-07-04 20:45:15,684,INFO,  - frcr_buy_amt_smtl1: 0.000000 ($0.00)
2025-07-04 20:45:15,685,INFO,  - frcr_buy_amt_smtl2: 0.000000 ($0.00)
2025-07-04 20:45:15,685,INFO,✅ 잔고 조회 성공: 예수금 $5484.09, 보유종목 3개
2025-07-04 20:45:15,685,INFO,✅ 안전 점검 통과 (예수금: $5484.09, 주문수: 0)
2025-07-04 20:45:15,687,WARNING,🔴 현재 운영 시간이 아닙니다. 거래시간까지 3시간 44분 남음
2025-07-04 20:45:15,687,INFO,🚀 실전투자 자동매매 스케줄 설정 완료
2025-07-04 20:45:15,687,INFO,   - 매도 전략: 30분 주기
2025-07-04 20:45:15,687,INFO,   - 매수 전략: 60분 주기
2025-07-04 20:45:15,687,INFO,   - 주문 정리: 20분 주기
2025-07-04 20:45:15,688,INFO,   - 상태 출력: 5분 주기
2025-07-04 20:45:15,688,INFO,   - 운영 시간: 11:30 ~ 17:00 (ET)
2025-07-04 20:45:15,688,WARNING,⚠️ 주의: 실제 돈으로 거래합니다!
2025-07-04 20:45:15,688,INFO,🟡 거래시간 외 - 다음 거래시간까지 3시간 44분 남음
2025-07-04 20:45:15,689,INFO,   현재: 07:45:15 ET, 거래시간: 11:30~17:00 ET
